{
  "means": [
    [
      -4.6015814721905783e-05,
      2.2913594066516688e-05,
      0.00013917462376922168,
      -0.6785580776462837,
      1.2070620599931416,
      -0.470337669438492
    ],
    [
      -0.00012285749008683324,
      3.4470728231986913e-05,
      4.9116929304044174e-05,
      0.06252327472289416,
      0.8478222877046612,
      -0.8594474286271893
    ],
    [
      -0.0002956047627015066,
      1.8341151259442813e-05,
      7.047880309816788e-05,
      0.016765028748613662,
      0.7012290435090452,
      0.3190790685167392
    ],
    [
      1.4030018002842318e-05,
      3.6997989418164097e-05,
      0.0001049145324899633,
      0.025541305346190476,
      1.2204790630519802,
      -0.5100743569116953
    ]
  ],
  "stds": [
    [
      0.00803340953500107,
      0.004599361357197913,
      0.005279605878564636,
      1.2473237742116383,
      0.19397810676214586,
      1.0565641956687957
    ],
    [
      0.006525594115570038,
      0.007783092357171077,
      0.007840436410635889,
      0.6587926840487647,
      0.2882004027741629,
      0.7166379744637523
    ],
    [
      0.008201713673140902,
      0.010005935016305204,
      0.013678899645213813,
      0.2711281976946582,
      0.2991227907376783,
      0.3832036111055385
    ],
    [
      0.01469153646161449,
      0.005442134741166268,
      0.0057102811337361855,
      1.5219565649364375,
      0.17232569140381426,
      1.3973147894275375
    ]
  ]
}